abonament;das;Abonnement;
abonent;der;Abonnent;
administracja;die;Verwaltung;Verwaltungen
adres;die;Adresse;Adressen
adresat;der;Empfänger;Empfänger
agencja;die;Agentur;Agenturen
akcent/nacisk;die;Betonung;
akceptacja/obietnica;die;Zusage;Zusagen
akceptacja/uznanie;die;Anerkennung;
aktor;der;Schauspieler;Schauspieler
aktorka;die;Schauspielerin;Schauspielerinnen
aktywność;die;Aktivität;Aktivitäten
akumulator;der;Akku;Akkus
akumulator/bateria;die;Batterie;Batterien
alergik;der;Allergiker;
alkohol;der;Alkohol;Alkohole
ankieta;der;Fragebogen;Fragebögen
ankieta;die;Umfrage;Umfragen
ankieta błyskawiczna;die;Blitzumfrage;
aparat;die;Kamera;Kameras
apartament;das;Apartment;Apartments
apetyt;der;Appetit;brak
apteka;die;Apotheke;Apotheken
archeolog;der;Archäologe;
architekt;der;Architekt;Architekten
architektka;die;Architektin;Architektinen
artykuł;der;Artikel;Artikel
artykuł spożywczy;das;Nahrungsmittel;Nahrungsmittel
artykuły spożywcze;das;Lebensmittel;Lebensmittel
artysta;der;Kü?nstler;Kü?nstler
artystka;die;Kü?nstlerin;Kü?nstlerinnen
aspekt;der;Aspekt;
asystent;der;Assistent;
asystentka lekarza;die;Arzthelferin;Arzthelferinnen
atmosfera w pracy;das;Arbeitsklima;
audycja;die;Sendung;Sendungen
autobus;der;Bus;Busse
autograf;das;Autogramm;Autogramme
automat;der;Automat;Automaten
automatyczna sekretarka;der;Anrufbeantworter;
autor;der;Autor;Autoren
autorka;die;Autorin;Autorinnen
autostrada;die;Autobahn;Autobahnen
awaria;die;Betriebsstörung;
awaria;die;Panne;Pannen
babcia;die;Großmutter;Großmütter
babcia;die;Oma;Omas
bagaż;das;Gepäck;brak
bajka;das;Märchen;Märchen
balkon;der;Balkon;Balkons
bałtyk;die;Ostsee;brak
bałwan;der;Schneemann;Schneemänner
banan;die;Banane;Bananen
bank;die;Bank;Banken
bankomat;der;Geldautomat;Geldautomaten
bar;die;Bar;Bars
basen;das;Schwimmbad;Schwimmbäder
baton;der;Riegel;Riegel
benzyna;das;Benzin;brak
biblioteka;die;Bibliothek;Bibliotheken
biblioteka;die;Bücherei;Büchereien
bidon;die;Trinkflasche;Trinkflaschen
bieda/kłopot;die;Not;Nöte
biedak;der;Arme;
bieg w workach;das;Sackhüpfen;
bilet;das;Ticket;Tickets
bilet komunikacyjny;die;Fahrkarte;Fahrkarten
bilet miesięczny;das;Monatsticket;Monatstickets
biologia;die;Biologie;brak
biurko;der;Schreibtisch;Schreibtische
biuro;das;Büro;Büros
biuro podróży;das;Reisebüro;Reisebüros
biuro rzeczy znalezionych;das;Fundbüro;Fundbüros
biżuteria;das;Schmuckstück;
bliskość;die;Nähe;brak
blok mieszkalny;der;Wohnblock;Wohnblöcke
bluza;die;Bluse;Blusen
błąd;der;Fehler;Fehler
błyskawica;der;Blitz;Blitze
bogacz;der;Reiche;
bohater;der;Held;Helden
bohaterka;die;Heldin;Heldinnen
boże narodzenie;das;Weihnachten;brak
ból;der;Schmerz;Schmerzen
ból gardła;der;Halsschmerz;Halsschmerzen
brak zainteresowania;das;Desinteresse;
brama;das;Tor;Tore
branża;die;Branche;
brat;der;Bruder;Brüder
bratanek;der;Neffe;Neffen
broda;der;Bart;Bärte
brzeg;das;Ufer;Ufer
brzuch;der;Bauch;Bäuche
budowa;der;Bau;brak
budowla;das;Bauwerk;Bauwerke
budowla zastępcza;der;Ersatzbau;brak
budynek;das;Gebäude;Gebäude
budzik;der;Wecker;Wecker
bufet;das;Büffet;
bukiet;das;Strauß;Sträuße
bukiet kwiatów;der;Blumenstrauß;
bułka;das;Brötchen;Brötchen
burza;das;Gewitter;Gewitter
but;der;Schuh;Schuhe
butelka;die;Flasche;Flaschen
butelka wody;die;Wasserflasche;Wasserflaschen
bydło;das;Rind;Rinder
bzdura/absurd;der;Unsinn;
cały etat;die;Vollzeit;brak
cd;die;CD;CDs
cebula;die;Zwiebel;Zwiebeln
cecha;das;Merkmal;
cecha charakteru;die;Charaktereigenschaft;
cegła;der;Ziegel;Ziegel
cel;das;Ziel;Ziele
cel podróży;das;Reiseziel;Reiseziele
cel/sens/zastosowanie;der;Zweck;Zwecke
cena;der;Preis;Preise
cena sprzedaży;der;Verkaufspreis;
cent;der;Cent;Cents
centrum;das;Zentrum;Zentren
centymetr;der;Zentimeter;Zentimeter
certyfikat;das;Zertifikat;Zertifikate
chaos;das;Chaos;brak
chemia;die;Chemie;brak
chip;der;Chip;
chleb;das;Brot;Brote
chłopiec;der;Junge;Jungen
chmura;die;Wolke;Wolken
chodnik;der;Bürgersteig;Bürgersteige
chodnik;der;Gehweg;Gehwege
choroba;die;Krankheit;Krankheiten
chusteczka higieniczna;das;Papiertaschentuch;
chwila;der;Augenblick;Augenblicke
chwila;der;Moment;Momente
chwila;die;Weile;brak
chwila;die;Weine;
chwila;der;Zeitpunkt;Zeitpunkte
ciało;der;Körper;Körper
ciasto;der;Kuchen;Kuchen
ciasto cytrynowe;der;Zitronenkuchen;Zitronenkuchen
ciasto owocowe;der;Obstkuchen;Obstkuchen
cień;der;Schatten;Schatten
cierpliwość;die;Geduld;bez
cięcie;der;Schnitt;Schnitte
ciotka;die;Tante;Tanten
cisza;die;Ruhe;brak
ciśnenie krwi;der;Blutdruck;
cło;der;Zoll;Zölle
cola;die;Cola;Colas
córka;die;Tochter;Töchter
cukier;der;Zucker;brak
cukierek;der;Bonbon;Bonbons
cukiernia;die;Confiserie;
cukierniczka;die;Konditorin;Konditorinen
czapka;die;Mütze;Mützen
czary;der;Zauber;
czas;die;Uhrzeit;Uhrzeiten
czas;die;Zeitangabe;Zeitangaben
czas pracy;die;Arbeitszeit;Arbeitszeiten
czas przyszły;das;Futur;
czas wolny;die;Freizeit;brak
czasopismo;die;Zeitschrift;Zeitschriften
czasopismo ilustrowane;die;Illustrierte;
czasopismo specjalistyczne;die;Fachzeitschrift;
czasownik;das;Verb;Verben
czekolada;die;Schokolade;Schokoladen
czerwiec;der;Juni;Junis
część;der;Teil;Teile
członek;die;Angehörige;Angehörigen
członek;das;Mitglied;Mitglieder
człowiek;der;Mensch;Menschen
czwartek;der;Donnerstag;Donnerstage
czynsz;die;Miete;Mieten
czytanie;das;Lesen;
ćwiczenie;die;Übung;Übungen
dach;das;Dach;Dächer
danie główne;das;Hauptgericht;Hauptgerichte
data;das;Datum;Daten
data urodzenia;das;Geburtsdatum;Geburtsdaten
decyzja;der;Bescheid;Bescheide
decyzja;die;Entscheidung;Entscheidungen
demonstracja;die;Demonstration;Demonstrationen
dentysta;der;Zahnarzt;Zahnärzte
deser;das;Dessert;Desserts
deser;die;Nachspeise;Nachspeisen
deser;der;Nachtisch;Nachtische
deszcz;der;Regen;brak
diabelskie koło;das;Riesenrad;Riesenräder
diagram kołowy;das;Tortendiagramm;Tortendiagramme
dług;die;Schuld;Schulden
długopis;der;Kugelschreiber;Kugelschreiber
dobre samopoczucie;das;Wohlbefinden;brak
dobro;der;Gute;
dobrobyt;der;Wohlstand;brak
dojazd;die;Anfahrt;Anfahrten
doktor;der;Doktor;Doktoren
dokument/podstawa;die;Unterlage;Unterlagen
dokumenty;die;Akte;
dolina;das;Tal;Täler
dom;das;Haus;Häuser
dom;das;Heim;Heime
dom (home);das;Zuhause;brak
dom handlowy;das;Kaufhaus;Kaufhäuser
dom starców;das;Seniorenheim;Seniorenheime
dom szeregowy;das;Reihenhaus;
dom wczasowy;das;Ferienhaus;Ferienhäuser
dom z drewna;das;Holzhaus;
dorosły;der;Erwachsene;Erwachsenen
doskonalenie zawodowe;die;Fortbildung;Fortbildungen
dostawa;die;Liegerung;
dostępność;die;Zugänglichkeit;
doświadczenie zawodowe;die;Berufserfahrung;Berufserfahrungen
doświdczenie;die;Erfahrung;Erfahrungen
dotyczy;der;Betreff;Betreffe
dowcip;der;Witz;Witze
dowód;der;Nachweis;Nachweise
dowód osobisty;der;Ausweis;Ausweise
dozorca;der;Hausmeister;Hausmeister
drabina;die;Leiter;Leitern
drewno;das;Holz;brak
drobne;das;Kleingeld;brak
droga powrotna;der;Heimweg;Heimwege
droga/odległość;der;Weg;Wege
drogeria;die;Drogerie;Drogerien
druga zmiana;die;Spätschicht;Spätschichten
drukarka;der;Drucker;Drucker
drzwi;die;Tür;Türen
drzwi wejściowe;die;Haustür;
drzwo;der;Baum;Bäume
duch;das;Gespenst;Gespenster
durektor generalny;der;Konzernchef;
dworzec autobusowy;der;Busbahnhof;Busbahnhöfe
dworzec główny;der;Hauptbahnhof;Hauptbahnhöfe
dworzec kolejowy;der;Bahnhof;Bahnhöfe
dyktowanie;das;Diktat;Diktate
dyscyplina sportowa;die;Sportart;Sportarten
dyskoteka;die;Disco;Diskos
dysktwardy;die;Festplatte;
dyskusja;die;Diskussion;Diskussionen
dystrybutor paliwa;die;Zapfsäule;
dywan;der;Teppich;Teppiche
dzbanek;die;Kanne;Kannen
dziadek;der;Großvater;Großväter
dziadek;der;Opa;Opas
dział;die;Abteilung;
dział kadr;die;Personalabteilung;Personalabteilungen
działanie;die;Maßnahme;Maßnahmen
działanie/czyn;die;Handlung;
dzieciństwo;die;Kindheit;brak
dziecko;das;Baby;Babys
dziecko;das;Kind;Kinder
dziedzina życia;der;Lebensbereich;
dziedzina/obszar;das;Gebiet;Gebiete
dzielnica;das;Viertel;Viertel
dziennik;die;Tageszeitung;
dziennikarka;die;Journalistin;Journalistinnen
dziennikarz;der;Journalist;Journalisten
dzień;der;Tag;Tage
dzień powszedni;der;Alltag;Alltage
dzień powszedni;der;Wochentag;Wochentage
dzień roboczy;der;Arbeitstag;Arbeitstage
dzień wakacyjny;der;Ferientag;
dziewczynka;das;Mädchen;Mädchen
dziura;das;Loch;Löcher
dźwięk;der;Laut;Laute
dżem;die;Marmelade;Marmeladen
dżinsy;die;Jeans;Jeans
egzamin;die;Prüfung;Prüfungen
egzemplarz;das;Exemplar;Exemplare
ekspert;der;Experte;Experten
e-mail;die;E-mail;E-mails
emeryt;der;Rentner;Rentner
emerytka;die;Rentnerin;Rentnerinnen
energia;die;Energie;Energien
euro;der;Euro;Euros
europejczyk;der;Europäer;
fabryka;die;Fabrik;Fabriken
fachowiec;der;Fachmann;Fachmänner
fajwerki;das;Feuerwerk;Feuerwerke
fan;der;Fan;Fans
farma kucyków;der;Ponyhof;
fasola;die;Bohne;Bohnen
faza;die;Strähne;
festyn;das;Volksfest;Volksfeste
filiżanka;die ;Tasse;Tassen
Film;der;Film;Filme
film reklamowy;der;Werbefilm;Werbefilme
finał;das;Finale;Finale
finanse;die;Finanzen;
firma;die;Firma;Firmen
fizjoterapeuta;der;Physiotherapeut;Physiotherapeuten
fizyka;die;Physik;brak
forma zwracania się;die;Anrede;Anreden
formularz;der;Formular;Formulare
fortepian;das;Klavier;Klaviere
forum;das;Forum;Foren
fotel;der;Sessel;Sessel
fotografia;die;Fotografie;Fotografien
fryzjer;der;Friseur;Friseure
fryzjerka;die;Friseurin;Friseurinnen
fryzura;die;Frisur;Frisuren
gałąź;der;Ast;äste
garaż;die;Garage;Garagen
garderoba;die;Garderobe;bez
garnek;der;Topf;Töpfe
garnitur;der;Anzug;Anzüge
gaz;das;Gas;Gase
gazeta;die;Zeitung;Zeitungen
geografia;die;Geografie;brak
gimnastyka;die;Gymnastik;brak
gitara;die;Gitarre;Gitarren
głos;die;Stimme;Stimmen
głośnik;der;Lautsprecher;Lautsprecher
głowa;der;Kopf;Köpfe
głód;der;Hunger;brak
główna zasada;der;Leitsatz;Leitsätze
gniazdko;die;Steckdose;Steckdosen
godizny otwarcia;die;Öffnungszeit;Öffnungszeiten
godzina;die;Stunde;Stunden
godzina;die;Uhr;Uhren
godziny przyjęć;die;Sprechstunde;Sprechstunden
godziny szczytu;der;Berufsverkehr;
golenie;die;Rasur;
gorączka;das;Fieber;Fieber
gospodarka;die;Wirtschaft;Wirtschaften
gospodarstwo domowe;der;Haushalt;Haushalte
gospodarz;das;Gastgeber;
gospodarz;der;Gastgeber;
gospodyni domowa;die;Hausfrau;Hausfrauen
gość;der;Gast;Gäste
gotówka;das;Bargeld;brak
góra;der;Berg;Berge
gra;das;Spiel;Spiele
grafika;die;Grafik;Grafiken
gram;das;Gramm;brak
granica;die;Grenze;Grenzen
gratulacje;der;Glückwunsch;Glückwünsche
grudzień;der;Dezember;Dezember
grunt;der;Boden;Böden
gruszka;die;Birne;Birnen
grypa;die;Grippe;Grippen
gryzoń;das;Nagetier;
grzmot;der;Donner;Donner
grzyb;der;Pilz;Pilze
gumka do ścierania;der;Rediergummi;Rediergummis
gwiazda;der;Star;Stars
gwiazda;der;Stern;Sterne
gwieździste niebo;der;Sternenhimmel;
hak/wieszak;der;Haken;
hala;die;Halle;Hallen
hala targowa;die;Markthalle;Markthallen
hałas;der;Lärm;brak
hamburger;der;Hamburger;Hamburger
handlarka;die;Händlerin;Händlerinnen
handlowiec;der;Händler;Händler
hasło;das;Passwort;Passwörter
helikopter;der;Hubschrauber;
herbata;der;Tee;Tees
hierarchia;die;Hierarchie;
higiena;die;Köperpflege;brak
historia;die;Geschichte;brak
historia obrazkowa;die;Bildergeschichte;
hobby;das;Hobby;Hobbys
hotel;das;Hotel;Hotels
igła;die;Nadel;
ignorant;der;Ignorant;Ignoranten
ilość;die;Menge;Mengen
imiesłów;das;Partizip;Partizipien
imię;der;Name;Namen
imię;der;Vorname;Vornamen
impreza;die;Party;Partys
impreza;die;Veranstaltung;Veranstaltungen
impreza integracyjna;das;Betriebsfest;
impreza taneczna;die;Tanztveranstaltung;
impreza w ogrodzie;das;Gartenfest;
indywidualność;die;Individualität;
informacja;die;Information;Informationen
informacja;die;Mitteilung;Mitteilungen
informacja;die;Nachricht;Nachrichten
inicjatywa;die;Initiative;
instrukcja;die;Anweisung;Anweisungen
instrukcja obsługi;die;Gebrauchsanleitung;Gebrauchsanleitungen
instrukcja obsługi;die;Gebrauchsanweisung;Gebrauchsanweisungen
internet;das;Internet;brak
inżynier;der;Ingenieur;Ingenieure
inżynierka;die;Ingenieurin;Ingenieurinnen
istnienie;das;Bestehen;brak
izba przyjęć;die;Notaufnahme;Notaufnahmen
jabłecznik;der;Apfelkuchen;Apfelkuchen
jajko;das;Ei;Eier
jakosć obrazu;die;Bildqualität;
jakość;die;Qualität;Qualitäten
japko;der;Apfel;Äpfel
jazda;die;Fahrt;Fahrten
jazz;der;Jazz;brak
jedna piąta;das;Fünftel;
jedna trzecia;das;Drittel;Drittel
jednoosobowe gospodarstwo;der;Einpersonenhaushalt;
jedność;die;Einheit;Einheiten
jedynka;die;Eins;Einsen
jedzenie;das;Essen;brak
jesień;der;Herbst;Herbste
jezdnia;die;Fahrbahn;Fahrbahnen
jezioro;der;See;Seen
język;die;Sprache;Sprachen
język obcy;die;Fremdsprache;Fremdsprachen
jogurt;das;Joghurt;Joghurts
jubileusz;das;Jubiläum;Jubiläen
jutro;der;Morgen;brak
kac;der;Kater;brak
kaczka;die;Ente;Enten
kadra kierownicza;die;Führungskraft;
kajak;das;Kajak;Kajaks
kalendarz;der;Kalender;Kalender
kałuża;die;Pfütze;
kamień;der;Stein;Steine
kanał;der;Kanal;Kanäle
kanapa;die;Couch;Couchs
kanapa;das;Sofa;Sofas
kandydat;der;Bewerber;Bewerber
kandydatka;die;Bewerberin;Bewerberinnen
kapelusz;der;Hut;Hüte
kara;die;Strafe;Strafen
karaluch;die;Kakerlake;
karma;das;Futter;
karnawał;der;Karneval;brak
karta dań;die;Speisekarte;Speisekarten
karta kredytowa;die;Kreditkarte;Kreditkarten
karta ubezpieczeniowa;die;Versichertenkarte;Versi?chertenkarten
karteczka;das;Kärtchen;Kärtchen
kartka pocztowa;die;Postkarte;Postkarten
kasa;die;Kasse;Kassen
kasa chorych;die;Krankenkasse;
kaszel;der;Husten;Husten
kasztan;die;Kastanie;Kastanien
katar;der;Schnupfen;Schnupfen
katedra;der;Dom;Dome
kategoria;die;Kategorie;
kaucja;die;Kaution;Kautionen
kawa;der;Kaffee;Kaffees
kawałek;das;Stück;Stücke
kawiarnia;das;Cafe;Cafes
kąpiel;das;Bad;Bäder
kąt;die;Ecke;Ecken
keczup;das;Ketchup;Ketchups
kelner;der;Kellner;Kellner
kelnerka;die;Kellnerin;Kellnerinnen
kemping;das;Camping;brak
kiełbasa;die;Wurst;Würste
kiełbaska;das;Würstchen;Würstchen
kierowca;der;Fahrer;Fahrer
kierowca taskówki;der;Taxifahrer;Taxifahrer
kierownica;der;Steuer;Steuer
kierownictwo;das;Management;Managements
kierownik;der;Leiter;
kierownik działu;der;Abteilungsleiter;
kierownik HR;der;Personalchef;Personalchefs
kierunek;die;Richtung;Richtungen
kierunek studiów;der;Studiengang;
kilo;das;Kilo;brak
kilometr;der;Kilometer;Kilometer
kino;das;Kino;Kinos
kiosk;der;Kiosk;Kioske
kiwi;die;Kiwi;Kiwis
klasa;die;Klasse;Klassen
klatka piersiowa;der;Brustkorb;
klatka schodowa;das;Treppenhaus;Treppenhäuser
klawiatura;die;Tastatur;Tastaturen
klawisz;die;Taste;Tasten
klient;der;Kunde;Kunden
kliknięcie;der;Klick;Klicks
klimatyzacja;die;Klimaanlage;Klimaanlagen
klinika;die;Klinik;
klub;der;Klub;Klubs
klub;der;Verein;Vereine
klucz;der;Schlüssel;Schlüssel
kłamstwo;die;Lüge;Lügen
kłótnia;der;Streit;brak
knajpa;die;Kneipe;Kneipen
kobieta;die;Frau;Frauen
koc wełniany;die;Wolldecke;Wolldecken
kochanie;der;Liebling;Liblinge
kod pocztowy;die;Postleitzahl;Postleitzahlen
kolacja;das;Abendessen;brak
kolano;das;Knie;Knie
kolejność;die;Reihenfolge;Reihenfolgen
kolejność zdania;die;Satzstellung;
kolor;die;Farbe;Farben
kołdra/sufit;die;Decke;Decken
kołnierzyk koszuli;der;Hemdkragen;Hemdkragen
koło;der;Kreis;Kreise
koło;der;Ring;Ringe
komiks;der;Comicstrip;Comicstrips
komisja/zespół;der;Arbeitskreis;Arbeitskreise
komórka;das;Handy;Handys
kompatybilność;die;Vereinbarkeit;
kompetencje;die;Zuständigkeit;
komplement;das;Kompliment;Komplimente
komputer;der;Computer;Computer
komunikacja;die;Kommunikation;brak
komunikat;die;Durchsage;Durchsagen
koncert;das;Konzert;Konzerte
konferencja;die;Sitzung;Sitzungen
koniec;das;Ende;brak
koniec;der;Schluss;Schlüsse
koniec pracy;das;Arbeitsende;brak
koniec pracy;das;Feierabend;
koniec roku;das;Jahresende;
konkurent;der;Konkurrent;Konkurrenten
konkurs;das;Wettspiel;
konsulat;das;Konsulat;Konsulate
kontakt;der;Kontakt;Kontakte
kontekst/związek;der;Zusammenhang;Zusammenhänge
konto;das;Konto;Konten
koperta;der;Briefumschlag;Briefumschäge
kopia;die;Kopie;Kopien
korek;der;Stau;Staus
korepetycja;die;Nachhilfe;Nachhilfen
korytarz;der;Flur;Flure
kostka;der;Würfel;Würfel
koszmar;der;Alptraum;Alpträume
koszyk;der;Korb;Körbe
koszyk produktów;der;Warenkorb;Warenkörbe
koszykówka;der;Basketball;brak
kościół;die;Kirche;Kitchen
kość;der;Knochen;Knochen
kot;die;Katze;Katzen
kradzież;der;Diebstahl;
kraj;das;Land;Länder
kraj;der;Staat;Staaten
krajobraz;die;Landschaft;Landschaften
kran;der;Wasserhahn;Wasserhähne
krem;die;Creme;Cremes
krem do opalania;die;Sonnencreme;Sonnencremes
kreska;der;Strich;Striche
krok;der;Schritt;Schritte
krowa;die;Kuh;Kühe
kryminał;der;Krimi;Krimis
krzesło;der;Stuhl;Stühle
krzyżyk;das;Kreuzchen;
książka;das;Buch;Bücher
księgarnia;die;Buchhandlung;Buchhandlungen
kubek;der;Becher;Becher
kucharka;die;Köchin;Köchinnen
kucharz;der;Koch;Koch
kuchnia;die;Küche;Küchen
kula;die;Kugel;Kugeln
kultura;die;Kultur;brak
kupon totolotka;der;Lottoschein;
kura;das;Huhn;Hühner
kurs;der;Kurs;Kurse
kurtka;die;Jacke;Jacken
kuzyn;der;Cousin;Cousins
kuzynka;die;Cousine;Cousinen
kwadrans;das;Viertel;Viertel
kwadrans;die;Viertelstunde;Viertelstunden
kwatera wakacyjna;das;Ferienquartier;
kwiaciarnia;der;Blumenladen;Blumenläden
kwiat;die;Blume;Blumen
kwiecień;der;April;Aprile
kwota;der;Betrag;Beträge
lalka;die;Puppe;Puppen
lampa;die;Lampe;Lampen
laptop;der;Laptop;Laptops
las;das;Wald;Wälder
latarka;die;Taschenlampe;Taschenlampen
lato;der;Sommer;Sommer
lądowanie;die;Landung;Landungen
legwan;der;Leguan;
lekarka;die;Ä?rztin;Ä?rztinnen
lekarstwo;das;Medikament;Medikamente
lekarz;der;Arzt;Ärzte
lekarz dyżurny;der;Notarzt;Notärzte
lekcja;die;Lektion;Lektionen
lekcja;der;Unterricht;Unterrichte
licencjat;der;Bachelor;brak
liczba;die;Zahl;Zahlen
lina;das;Seil;Seile
lina;das;Strick;
linia;die;Linie;Linien
lipiec;der;Juli;Julis
list;der;Brief;Briefe
listopad;der;November;November
liść;das;Blatt;Blätter
liść koniczyny;das;Kleeblatt;
litera;der;Buchstabe;Buchstaben
litr;der;Liter;brak
lodówka;der;Kühlschrank;Kühlschränke
lot;der;Flug;Flüge
lotnisko;der;Flughafen;Flughäfen
lód;das;Eis;brak
ludność;die;Bevölkerung;
ludzie;;brak;Leute
luksusowy hotel;das;Luxushotel;Luxushotels
luty;der;Februar;Februare
ładowarka;das;Ladegerät;Ladegeräte
łańcuch;die;Kette;Ketten
łańcuszek;die;Kette;Ketten
łapa;die;Pfote;Pfoten
łącze telefoniczne;der;Anschluss;Anschlüsse
łąka;die;Wiese;Wiesen
łono/kolana;der;Schoß;
łóżko;das;Bett;Betten
łyżka;der;Löffel;Löffel
łza;die;Träne;Tränen
magazyn;das;Lager;Läger
magazyn młodzieżowy;die;Jugendzeitschrift;
maj;der;Mai;Maie
makaron;die;Nudel;Nudeln
mała;der;Kleine;Kleinen
małoletni;der;Jugendliche;Jugendlichen
małoletnia;die;Jugendliche;Jugendlichen
małżeństwo;das;Ehepaar;Ehepaare
małżonek;der;Gatte;
mama;die;Mama;Mamas
manager;der;Geschäftsführerin;
mandat;der;Strafzettel;Strafzettel
maniery przy stole;die;Tischmanieren;
mapa;die;Landkarte;Landkarten
mapa;der;Stadtplan;Stadtpläne
marzec;der;März;Märze
masło;die;Butter;brak
masza/targi;die;Messe;Messen
maszyna;die;Maschine;Maschinen
maść;die;Salbe;Salben
materiał;das;Material;Materialien
materiał;der;Stoff;Stoffe
matka;die;Mutter;Mütter
matura;das;Abitur;brak
mąka;das;Mehl;brak
mąż;der;Ehemann;Ehemänner
mebel;das;Möbel;Möbel
meble;;brak;Möbel
mechanizm zegara;das;Uhrwerk;
medycyna;die;Medizin;brak
menu;das;Menü;Menüs
metal;das;Metall;Metalle
metr;der;Meter;Meter
metr kwadratowy;der;Quadratmeter;Quadratmeter
metro;die;U-Bahn;U-Bahnen
mężczyzna;der;Mann;Männer
mgła;der;Nebel;Nebel
miasto;die;Stadt;Städte
miejsce;der;Ort;Orte
miejsce;der;Platz;Plätze
miejsce;die;Stelle;Stellen
miejsce nauki zawodu;der;Ausbildungplatz;
miejsce parkingowe;der;Parkplatz;Parkplätze
miejsce pracy;der;Arbeitsplatz;Arbeitzplätze
miejsce urodzenia;der;Geburtsort;Geburtsorte
miejsce zamieszkania;der;Wohnort;Wohnorte
miesiąc;der;Monat;Monate
mieszkanie;die;Wohnung;Wohnungen
mieszkanie w grupie;die;Wohngemeinschaft;Wohngemeinschaften
mieszkaniec;der;Bewohner;Bewohner
mieszkaniec wsi;der;Dorfbewohner;
mieszkanka;die;Bewohnerin;Bewohnerinnen
mięsień;der;Muskel;Muskeln
mięso;das;Fleisch;brak
mięso mielone;das;Hackfleisch;brak
migrant;der;Migrant;brak
mikrofon;das;Mikrofon;Mikrofone
milion;die;Million;Millionen
minuta;die;Minute;Minuten
miód;der;Honig;Honige
miska;der;Napf;
miska;die;Schüssel;Schüsseln
miska;die;Schüssel;
miska na karmę;der;Futternapf;
miska na wodę;der;Wassernapf;
mistrz;der;Meister;Meister
mistrzostwo świata;die;Weltmeisterschaft;Weltmeisterschaften
mleko;die;Milch;brak
młody przedsiębiorca;der;Jungunternehmer;
młotek;der;Hammer;Hämmer
młyn;der;Mühle;Mühlen
młynarz;der;Müller;Müller
moda;die;Mode;Moden
model czasu pracy;das;Arbeitszeitmodell;
moneta;die;Münze;Münzen
monitor;der;Bildschirm;Bildschirme
morze;das;Meer;Meere
most;die;Brücke;Brücken
motocykl;das;Motorrad;Motorräder
motorower;das;Moped;Mopeds
mowa;die;Rede;
możliwość;die;Möglichkeit;Möglichkeiten
mózg;das;Gehirn;Gehirne
muchomor;der;Fligenpilz;
mur;die;Mauer;Mauern
murarz;der;Maurer;Maurer
musical;das;Musical;brak
musli;das;Müsli;Müsli
muzeum;das;Museum;Museen
muzyczka;die;Musikerin;Musikerinnen
muzyk;der;Musiker;Musiker
muzyka;die;Musik;brak
mydło;die;Seife;Seifen
mysz;die;Maus;Mäuse
myśliwy;der;Jäger;Jäger
naczynia;das;Geschirr;brak
nadawca;der;Absender;Absender
nadawca radiowy;der;Radiosender;
nadgodzina;die;Überstunde;Überstunden
nagłówek;die;Überschrift;Überschriften
nagroda;die;Belohnung;Belohnungen
najemca;der;Mieter;Mieter
najemczyni;die;Mieterin;Mieterinnen
najgłębsze pragnienie;der;Herzenswunsch;
najważniejszy punkt;der;Stichpunkt;Stichpunkte
nakład całkowity;die;Gesamtauflage;
naleśnik;der;Pfannkuchen;Pfannkuchen
namiot;das;Zelt;Zelte
napęd;das;Laufwerk;
napięcie/koncentracja;die;Anspannung;
napiwek;das;Trinkgeld;Trinkgelder
napoje;das;Getränk;Getränke
naprawa;die;Reparatur;Reparaturen
narada;die;Beratung;Beratungen
narada;die;Besprechung;Besprechungen
narzędzia pracy;das;Arbeitsmittel;
narzędzie;das;Instrument;Instrumente
narzędzie;das;Werkzeug;Werkzeuge
nastrój;die;Laune;Launen
nastrój;die;Stimmung;Stimmungen
natura;die;Natur;brak
nauczyciel;der;Lehrer;Lehrer
nauka;die;Anleitung;Anleitungen
nauka o społeczeństwie;die;Sozialkunde;brak
nawigacja;das;Navigationsgerät;Navigationsgeräte
nazwisko;der;Nachname;Nachnamen
negocjacje;die;Verhandlung;
niebezpieczeństwo;die;Gefahr;Gefahren
niebo;der;Himmel;brak
niedziela;der;Sonntag;Sonntage
niegrzeczny;der;Freche;
niekorzyść;der;Nachteil;Nachteile
niemiec;der;Deutsche;Deutschen
niemka;die;Deutsche;Deutschen
niepalący;der;Nichtraucher;
niespodzianka;die;Überraschung;Überraschungen
nieśmiałość;die;Schüchternheit;
niezawodność;die;Zuverlässigkeit;
nieznajomy;der;Fremde;
niezwykłość;das;Besondere;
noc;die;Nacht;Nächte
nocleg;die;Unterkunft;Unterkünfte
noga;das;Bein;Beine
nonsens;der;Unsinn;brak
nos;die;Nase;Nasen
notes;der;Schreibblock;Schreibblöcke
Nowy Rok;das;Neujahr;brak
nożyczki;die;Schere;Scheren
nóż;das;Messer;Messer
nuda;die;Langweile;
numer;die;Nummer;Nummern
numer domu;die;Hausnummer;Hausnummern
numer telefonu;die;Telefonnummer;Telefonnummern
obiad;das;Mittagessen;Mittagessen
obieg;der;Kreislauf;
obietnica;das;Versprechen;Versprechen
objazd;die;Umleitung;Umleitungen
obowiązek;die;Pflicht;Pflichten
obóz;das;Campen;
obraz;das;Bild;Bilder
obraz wideo;das;Videobild;Videobilder
obsługa;die;Bedienung;
obszar biznesowy;der;Geschäftsbereich;
obywatel;der;Bürger;Bürger
obywatelstwo;die;Staatsangehörigkeit;Staatsangehörigkeiten
ocean;der;Ozean;Ozeane
ocena;die;Note;Noten
ocena/analiza;die;Auswertung;
ocet;der;Essig;brak
ochota;die;Lust;brak
ochrona;der;Schutz;brak
oczekiwanie;die;Erwartung;
oczekiwanie;die;Erwartung;
odjazd;die;Abfahrt;Abfahrten
odlot;der;Abflug;Abflüge
odpady/nachylenie;der;Abfall;Abfälle
odporność/siły obronne;;brak;Abwehrkräfte
odpowiedzialnośc osobista;die;Eigenverantwortung;
odpowiedzialność;die;Verantwortung;
odpowiedź;die;Antwort;Antworten
odsetki;der;Zins;Zinsen
odwiedzająca;die;Besucherin;Besucherinnen
odwiedzający;der;Besucher;Besucher
odwiert;die;Bohrung;
odzież;der;Kleidung;Kleidungen
odżywianie;die;Ernährung;brak
oferta;das;Angebot;Angebote
oferta specjalna;das;Sonderangebot;Sonderangebote
ogłoszenie;das;Anzeige;Anzeigen
ognisko;die;Lagerfeuer;
ogród;der;Garten;Gärten
ogrzewanie;die;Heizung;Heizungen
ojciec;der;Vater;Väter
okazja;die;Gelegenheit;
okazja;die;Gelegenheit;
okno;das;Fenster;Fenster
oko;das;Auge;Augen
okolica;die;Umgebung;Umgebungen
okoliczność;der;Umstand;
okres;die;Dauer;brak
okulary;die;Brille;Brillen
ołówek;der;Bleistift;Bleistifte
opakowanie;die;Packung;Packungen
opcja odpowiedzi;die;Antwortmöglichkeit;
opieka;die;Pflege;
opiekun/opieka;die;Betreuung;Betreuungen
opinia czytelnika;die;Lesermeinung;
opis;die;Beschreibung;Beschreibungen
opis;die;Beschreibung;
opis;die;Schilderung;
opłata;die;Gebühr;Gebühren
opłata za kurs;die;Kursgebühr;Kursgebühren
opona;der;Mantel;Mäntel
opona;der;Reifen;brak
opór;der;Widerstand;Widerstände
oprowadzanie po mieście;die;Stadtführung;Stadtführungen
oryginał;das;Original;Originale
orzech;die;Nuss;Nüsse
osioł;der;Esel;Esel
osoba;die;Person;Personen
osoba do kontaktu;der;Ansprechpartner;
ostrożność;die;Vorsicht;brak
ostrzeżenie;die;Warnung;Warnungen
oświetlenie;die;Beleuchtung;
otwarcie;die;Eröffnung;
owca;das;Schaf;Schafe
owoce;das;Obst;brak
owoce morza;;brak;Meeresfrüchte
ozdoba/biżuteria;der;Schmuck;brak
pacjent;der;Patient;Patienten
paczka;das;Päckchen;Päckchen
paczka;das;Paket;Pakete
pagórek;der;Hügel;Hügel
paktykant;der;Azubi;Azubis
palacz;der;Raucher;Raucher
palec;der;Finger;Finger
palec wskazujący;der;Zeigefinger;
paluszki rybne;das;Fischstäbchen;
pamięć;die;Erinnerung;Erinnerungen
pamięć/strych;der;Speicher;
pan młody/narzeczony;der;Bräutigam;
pani;die;Dame;Damen
pani;der;Herr;Herren
panna młoda/narzeczona;die;Braut;
papier;das;Papier;Papiere
papieros;die;Zigarette;Zigaretten
para;das;Paar;Paare
paragon;der;Kassenzettel;Kassenzettel
paragon;der;Zettel;Zettel
parapet;der;Fensterbrett;Fensterbretter
parasol;der;Schirm;Schirme
park;der;Park;Parks
parter;das;Erdgeschoss;Erdgeschosse
partner;der;Partner;Partner
partnerka;die;Partnerin;Partnerinnen
pasażer;der;Fahrgast;Fahrgäste
pasek;der;Gürtel;Gürtel
pasja;die;Leidenschaft;
pasta do zebów;die;Zahnpasta;brak
paszport;der;Pass;Pässe
patelnia;die;Pfanne;Pfannen
październik;der;Oktober;Oktober
pchli targ;der;Flohmarkt;Flohmärkte
pech;das;Pech;Peche
perfumy;das;Parfüm;Parfüme
peron;der;Bahnsteig;Bahnsteige
personel;das;Personal;brak
perspektywa awansu;die;Aufstiegsperspektive;
pewność/bezpieczeństwo;die;Sicherheit;
piątek;der;Freitag;Freitagen
piąty;der;Fünfte;
piec/piekarnik;der;Ofen;
pieczeń wołowa;der;Rinderbraten;
pieczywo;;brak;Backwaren
piekarka;die;Bäckerin;Bäckerinnen
piekarnia;die;Bäckerei;Bäckereien
piekarnik;der;Herd;Herde
piekarz;der;Bäcker;Bäcker
pielęgniarka;die;Krankenschwester;Krankenschwestern
pielęgniarz;der;Krankenpfleger;Krankenpfleger
pieniądze;das;Geld;Gelder
pieprz;der;Pfeffer;brak
pierś;die;Brust;Brüste
pies;der;Hund;Hunde
pies wartowniczy;der;Wachhund;
pies zaprzęgowy;der;Schlittenhund;
pieszy;der;Fußgänger;Fußgänger
pieszy;der;Pendler;
piętro;die;Etage;Etagen
piętro;das;Obergeschoss;Obergeschosse
piętro;der;Stock;Stock
piknik;das;Picknick;Picknicks
pilna potrzeba;der;Notfall;Notfälle
pilność;der;Fleiß;brak
piłka nożna;der;Fußball;brak
piosenka;das;Lied;Lieder
piosenkarka;die;Sängerin;Sängerinnan
piosenkarz;der;Sänger;Sänger
pisak;der;Stift;Stifte
pisarz;der;Schriftsteller;
pismo;das;Schreiben;Schreiben
piwnica;der;Keller;Keller
piwo;das;Bier;brak
pizza;die;Pizza;Pizzas
pizzeria;die;Pizzeria;Pizzerien
plac budowy;die;Baustelle;Baustellen
plac zabaw;der;Spielplatz;Spielplätze
plakat;das;Plakat;Plakate
plan;der;Plan;Pläne
plaster;das;Pflaster;Pflaster
plastik;das;Plastik;brak
platforma;die;Plattform;Plattformen
plaża;der;Strand;Strände
plecak;der;Rucksack;Rucksäcke
plecy;der;Rücken;Rücken
plotki;der;Tratsch;
płeć;das;Geschlecht;brak
pobyt/postój;der;Aufenthalt;Aufenthalte
pochodzenie;die;Herkunft;brak
pociąg;der;Zug;Züge
początek;der;Anfang;Anfänge
początek;der;Beginn;brak
początkująca;die;Anfängerin;Anfängerinnen
początkujący;der;Anfänger;Anfänger
poczta;die;Post;Posten
podanie o pracę;die;Bewerbung;Bewerbungen
podatek;die;Stauer;Stauern
podatek;die;Steuer;Steuern
podatek od psa;die;Hundesteuer;
podejrzenie;die;Ahnung;Ahnungen
podeszwa/dno;die;Sohle;Sohlen
podkowa;das;Hufeisen;
podnajem;die;Untermiete;
podpis;die;Unterschrift;Unterschriften
podręcznik;das;Handbuch;
podróż;die;Reise;Reisen
podróż;die;Tour;Touren
podsumowanie;die;Zusammenfassung;
poduszka;das;Kissen;Kissen
podwórze;der;Hof;Höfe
pogląd;die;Ansicht;Ansichten
pogląd;die;Meinung;Meinungen
pogoda;das;Wetter;brak
pojazd;das;Fahrzeug;Fahrzeuge
pojazd;der;Wagen;Wagen
pojemnik na śmieci;die;Mülltonne;Mülltonnen
pojemnik/zbiornik;der;Behälter;Behälter
pojemność pamięci;die;Speicherkapazität;
pokój;der;Raum;Räume
pokój;das;Zimmer;Zimmer
pokój jednoosobowy;das;Einzelzimmer;Einzelzimmer
pole minowe;das;Minenfeld;Minenfelder
pole/przęsło;das;Feld;Felder
policja;die;Polizei;Polizeien
policjant;der;Polizist;Polizisten
polityk;die;Politik;brak
polityk;der;Politiker;Politiker
połączenie;die;Verbindung;Verbindungen
połączenie bezpośrednie;die;Durchwahl;brak
połowa;die;Hälfte;Hälften
południe;der;Mittag;Mittage
południe;der;Süden;brak
pomarańcz;die;Orange;Orangen
pomidor;die;Tomate;Tomaten
pomoc;die;Hilfe;Hilfen
pomoce/narzędzia;das;Hilfsmittel;Hilfsmittel
pompa;die;Pumpe;Pumpen
pomysł;der;Einfall;Einfälle
pomysł;der;Gedanke;Gedanken
pomysł;die;Idee;Ideen
poniedziałek;der;Montag;Montage
popołudnie;der;Nachmittag;Nachmittage
poprawa;die;Besserung;brak
poprawa;die;Verbesserung;Verbesserungen
poprawność;die;Korrektheit;
popyt;die;Nachfrage;Nachfragen
pora dnia;die;Tageszeit;Tageszeiten
pora roku;die;Jahreszeit;Jahreszeiten
poradnictwo zawodowe;die;Berufsberatung;
porcja;die;Portion;Portionen
porównanie;der;Vergleich;Vergleiche
porównanie;das;Verhältnis;Verhältnisse
port;der;Hafen;Häfen
portfel;der;Geldbeutel;Geldbeutel
portponetka;die;Geldbörse;Geldbörsen
porządek;die;Ordnung;brak
porządek dnia;die;Tagesordnung;
posada;die;Arbeitsstelle;Arbeitsstellen
postanowienie;der;Vorsatz;Vorsätze
postęp;der;Fortschritt;Fortschritte
postępowanie;der;Wandel;brak
postój;der;Halt;Halte
pośpiech;die;Eile;brak
pośrednictwo;die;Vermittlung;
pot;der;Schweiß;
potrawa;die;Speise;Speisen
potrzeba;das;Bedürfnis;
potwierdzenie;die;Bestätigung;Bestätigungen
powitanie;das;Grußwort;
powłoka;die;Auflage;
powtórzenie;die;Wiederholung;Wiederholungen
pozdrowienie;der;Gruß;Grüße
poziom;die;Ebene;Ebenen
poziom;die;Ebene;Ebenen
poziom wykorzystania;der;Ausnutzungsgrad;Ausnutzungsgrade
poziomica;die;Wasserwaage;Wasserwaagen
pozwolenie;die;Erlaubnis;Erlaubnisse
pozytyw;das;Positive;
pożegnanie;der;Abschied;Abschiede
pożytek/korzyść;der;Nutzen;
pół etatu;die;Teilzeit;Teilzeiten
północ;der;Norden;brak
praca;die;Arbeit;Arbeiten
praca;der;Job;Jobs
praca biurowa;die;Büroarbeit;Büroarbeiten
praca doktorska;die;Doktorarbeit;
praca dyplomowa;die;Diplomarbeit;
praca młodocianych;die;Kinderarbeit;
praca ręczna;die;Handarbeit;
praca wielozmianowa;der;Schichtdienst;
praca/służba;der;Dienst;Dienste
prace domowe;die;Hausarbeit;Hausarbeiten
pracobiorca;der;Arbeitnehmer;Arbeitnehmer
pracodawczyni;die;Arbeitgeberin;Arbeitgeberinnen
pracowadca;der;Arbeitgeber;Arbeitgeber
pracownia;das;Arbeitszimmer;Arbeitszimmer
pracownica;die;Arbeiterin;Arbeiterinnen
pracownica;die;Mitarbeiterin;Mitarbeiterinnen
pracownik;der;Arbeiter;Arbeiter
pracownik;der;Mitarbeiter;Mitarbeiter
pracownik umysłowy;der;Angestellte;Angestellten
pragnienie;der;Durst;brak
praktyka;das;Praktikum;Praktika
praktyka;die;Praxis;brak
praktyka lekarska;die;Arztpraxis;Arztpraxen
praktykantka;die;Azubine;Azubines
pralka;die;Waschmaschine;Waschmaschinen
pralnia;die;Reinigung;Reinigungen
pranie;die;Wäsche;brak
PRAWDA;die;Wahrheit;Wahrheiten
prawo jazdy;der;Führerschein;Führerscheine
prelegent;der;Gastredner;
prezent;das;Geschenk;Geschenke
prezent dla gości;das;Gastgeschenk;
prezentacja;die;Präsentation;Präsentationen
pręcik;das;Stäbchen;
problem;das;Problem;Probleme
procent;das ;Prozent;Prozente
proces/przebieg;der;Vorgang;Vorgänge
produkcja;die;Herstellung;
produkcja własna;die;Eigenproduktion;
prognoza;die;Vorhersage;Vorhersagen
prognoza pogody;der;Wetterbericht;Wetterberichte
prognoza pogody;die;Wettervorhersage;Wettervorhersagen
program;das;Programm;Programme
projekt;das;Projekt;Projekte
prom;das;Fährschiff;
promowanie zdrowia;die;Gesundheitsförderung;
propozycja;der;Vorschlag;Vorschläge
prośba;die;Bitte;Bitten
prowadząca;die;Kursleiterin;Kursleiterinnen
próba;der;Versuch;Versuche
prysznic;die;Dusche;Duschen
przebiegłość;der;Schlaue;
przebudowa;die;Umbauarbeit;
przechodzień;der;Passant;Passanten
przeciętny wiek;das;Durchschnittsalter;
przeciwieństwo;das;Gegenteil;Gegenteile
przedmieścia;der;Vorort;Vororte
przedmiot;der;Gegenstand;Gegenstände
przedmiot/dziedzina;das;Fach;Fächer
przedpołudnie;der;Vormittag;Vormittage
przedradość;die;Vorfreude;
przedsiębiorstwo;der;Betrieb;Betriebe
przedsiębiorstwo;das;Unternehmen;Unternehmen
przedstawienie;die;Vorstellung;
przedszkole;der;Kindergarten;Kindergärten
przejrzystość;die;Klarheit;
przejrzystość;die;Transparenz;
przejście;der;übergang;
przejście;die;überquerung;überquerungen
przejście dla pieszych;der;Zebrastreifen;Zebrastreifen
przekonanie;die;Erkenntnis;
przekonanie;die;überzeugung;
przełom/akapit;der;Umbruch;Umbrüche
przełożony;der;Vorgesetzte;Vorgesetzten
przemowa;die;Ansprache;
przemysł;die;Industrie;
przeprosiny;die;Entschuldigung;Entschuldigungen
przeprowadzka;der;Umzug;Umzüge
przerwa;die;Pause;Pausen
przesąd;der;Aberglaube;
przestępstwo;das;Verbrechen;Verbrechen
przesyłka polecona;das;Einschreiben;Einschreiben
przeszłość;die;Vergangenheit;
przewodniczka górska;die;Bergführerin;Bergführerinnen
przewodnik;der;Reiseführer;Reiseführer
przewodnik górski;der;Bergführer;Bergführer
przeziębienie;die;Erkältung;Erkältungen
przodek;der;Verwandte;Verwandten
przyczyna;die;Ursache;Ursachen
przygoda;das;Abenteuer;Abenteuer
przygotowanie;die;Vorbereitung;Vorbereitungen
przygotowanie;die;Zuberei;
przyjaciel;der;Freund;Freunde
przyjaciółka;die;Freundin;Freundinnen
przyjazd;die;Ankunft;Änkunfte
przyjazd;das;Kommen;
przyjemność;der;Spaß;brak
przykład;der;Beispiel;Beispiele
przystanek;die;Haltestelle;Haltestellen
przystawka;die;Vorspeise;Vorspeisen
przyszłość;die;Zukunft;brak
przyzwyczajenie;die;Gewohnheit;Gewohnheiten
pszczoła;die;Biene;Bienen
pszenica;der;Weizen;Weizen
ptak;der;Vogel;Vögel
pudełko;der;Karton;
pudło;die;Schachtel;Schachteln
punkt;der;Punkt;Punkte
punkt treści;der;Inhaltspunkt;
punkt zwrotny;der;Wendepunkt;Wendepunkte
punktualność;die;Pünktlichkeit;brak
puszcza;die;Wildnis;Wildnisse
puszka;die;Dose;Dosen
pytanie;die;Frage;Fragen
rachunek;die;Rechnung;Rechnungen
rachunek rozliczeniowy;das;Girokonto;Girokonten
rada;der;Ratschlag;Ratschläge
rada zakłądowa;der;Betriebsrat;
radio;das;Radio;Radios
radosć życia;die;Lebensfreude;
radość;die;Freude;Freuden
ramię;der;Arm;Arme
ramię;die;Schulter;Schultern
ratusz;das;Rathaus;Rathäuser
raz;das;Mal;Male
realizacja;die;Erfüllung;
recepcja;die;Rezeption;Rezeptionen
recepta/przepis;das;Rezept;Rezepte
referat;das;Referat;Referate
refren;der;Refrain;
regał;das;Regal;Regale
region;die;Region;Regionen
reguła;die;Regel;Regeln
reklama;der;Werbespot;Werbespots
reklama;die;Werbung;Werbungen
relaks;die;Entspannung;Entspannungen
religia;die;Religion;Religionen
remis/kompromis;der;Ausgleich;
reportaż;die;Reportage;Reportagen
research;die;Untersuchung;Untersuchungen
restauracja;das;Restaurant;Restaurants
reszta/drobne;das;Wechselgeld;brak
retrospekcja;der;Rückblick;Rückblicke
rezultat;das;Ergebnis;Ergebnisse
rezultat;die;Leistung;Leistungen
ręcznik;das;Handtuch;Handtücher
rocznica;der;Jahrestag;Jahrestage
rodzeństwo;;brak;Geschwister
rodzice;;brak;Eltern
rodzina;die;Familie;Familien
rok;das;Jahr;Jahre
rolka;die;Rolle;Rollen
rolnik;der;Bauer;Bauer
rolnik;der;Landwirt;
roślina;die;Pflanze;Pflanzen
rower;das;Fahrrad;Fahrräder
rower;das;Rad;Räder
rozczarowanie;die;Enttäuschung;Enttäuschungen
rozdział/akapit;der;Abschnitt;
roziązanie;die;Lösung;Lösungen
rozkład;der;Fahrplan;Fahrpläne
rozmiar;die;Größe;Größen
rozmowa;das;Gespräch;Gespräche
rozmowa konsultacyjna;das;Beratungsgespräch;
rozmowa kwalifikacyjna;das;Jobinterview;Jobinterviews
rozmowa telefoniczna;der;Anruf;Anrufe
rozpoczęcie;die;Einleitung;
rozpoczęcie pracy/debiut;der;Einstand;
rozwój;die;Entwicklung;
róża;die;Rose;Rosen
różnica;der;Unterschied;Unterschiede
ruch;die;Bewegung;Bewegungen
ruch;der;Verkehr;brak
ryba;der;Fisch;Fische
rynek;der;Markt;Märkte
rysunek;der;Zeichnung;Zeichnungen
ryzyko;das;Risiko;
ryż;der;Reis;brak
rząd/szereg;die;Reihe;Reihen
rząd/szereg;die;Zeile;Zeilen
rzecz;das;Ding;Dinge
rzecz;die;Sache;Sachen
rzeczownik;das;Nomen;Nomina
rzeczoznawca;der;Gutachter;Gutachter
rzeczywistość;die;Realität;
rzeka;der;Fluss;Flüsse
rzut pierścieniem;das;Ringwerfen;
sala;der;Saal;Säle
sala konferencyjna;der;Konferenzraum;Konferenzräume
salon;der;Salon;Salons
salon;das;Wohnzimmer;Wohnzimmer
sałatka;der;Salat;Salate
samochód;das;Auto;Autos
samochód ciężarowy;der;Lastwagen;
samochód ciężarowy;der;Lkw;Lkws
samochód osobowy;der;Pkw;Pkws
samodzielność;die;Selbsthilfe;
samogłoska;der;Vokal;Vokale
samolot;das;Flugzeug;Flugzeuge
satyra;die;Satire;
sauna;die;Sauna;Saunen
sąd;das;Gericht;Gerichte
sąsiad;der;Nachbar;Nachbarn
sąsiadka;die;Nachbarin;Nachbarinnen
scena;die;Bühne;Bühnen
schody;die;Treppe;Treppen
schronisko/szałas;die;Hütte;
scyzoryk;das;Taschenmesser;Taschenmesser
segregator;der;Ordner;Ordner
sekretariat;das;Sekretariat;Sekretariate
sekretarka;die;Sekretärin;Sekretärinen
sekretarz;der;Sekretär;Sekretäre
sekunda;die;Sekunde;Sekunden
sen;der;Traum;Träume
seniorzy;;brak;Senioren
ser;der;Käse;Käse
serial;die;Serie;Serien
serwis;der;Service;brak
siano;das;Heu;
sieć;das;Netzwerk;Netzwerke
sierpień;der;August;August
sierść;das;Fell;
sierść kota;das;Katzenhaar;
siła;die;Kraft;
siła;die;Stärke;
siłownia;das;Fitnessstudio;Fitnessstudios
siostra;die;Schwester;Schwestern
siostrzenica;die;Nichte;Nichten
skarbek;der;Schatz;Schätze
skarpeta;die;Socke;Socken
sklep;das;Geschäft;Geschäfte
sklep;der;Laden;Läden
sklep meblowy;das;Möbelgeschäft;Möbelgeschäfte
sklep mięsny;die;Metzgerei;Metzgereien
składka;der;Beitrag;Beiträge
składka;die;Spende;Spenden
skm;die;S-bahn;S-bahnen
skojarzenie;die;Assoziation;
skrót;die;Abkürzung;Abkürzungen
skrzynia;die;Kiste;Kisten
skrzynka pocztowa;der;Briefkasten;Briefkästenen
skrzyżowanie;die;Kreuzung;Kreuzungen
skutek;die;Wirkung;Wirkungen
skuter;der;Motoroller;Motoroller
słabość;die;Schwäche;
słodycze;die;Süßigkeit;Süßigkeiten
słoń;der;Elefant;Elefanten
słońce;die;Sonne;brak
słownictwo;der;Wortschatz;Wortschätze
słowo;das;Wort;Wörter
słuchacz;der;Zuhörer;Zuhörer
służący;der;Diener;Diener
smacznego;die;Mahlzeit;Mahlzeiten
smak/gust;der;Geschmack;
smartfon;das;Smartphone;Smartphones
smażona kiełbasa;die;Bratwurst;Bratwürste
sobota;der;Samstag;Samstage
software;die;Software;brak
sok;der;Saft;Säfte
sok jabłkowy;der;Apfelsaft;Apfelsäfte
sos;die;Soße;Soßen
sól;das;Salz;brak
spacer;der;Spaziergang;Spaziergänge
specjalność;das;Fachgebiet;
spodnie;die;Hose;Hosen
spojrzenie;der;Blick;Blicke
spojrzenie/widok;der;Anblick;
społeczeństwo;die;Gesellschaft;
społeczeństwo;die;Gesellschaft;
sport;der;Sport;brak
sposób postępowania;die;Vorgehensweise;
spotkanie;die;Begegnung;
spotkanie;das;Treffen;
spotkanie;die;Verabredung;
spotkanie robocze;die;Betriebsversammlung;
spódnica;der;Rock;Röcke
spółdzielnia;die;Genossenschaft;
spóźnienie;die;Verspätung;Verspätungen
sprawność;die;Fitness;brak
sprawozdanie;der;Bericht;Berichte
sprzedawca;der;Verkäufer;Verkäufer
sprzedaż/obroty;der;Umsatz;
sprzęt;das;Gerät;Geräte
stacja;die;Station;Stationen
stacja benzynowa;die;Tankstelle;Tankstellen
stadion;das;Stadion;Stadien
stały gość;der;Stammgast;Gäste
stan;der;Stand;
stan;der;Zustand;Zustände
stan cywilny;der;Familienstand;brak
stare miasto;die;Altstadt;Altstädte
start;der;Start;Starts
starzec;der;Alte;
statek;das;Schiff;Schiffe
statek kosmiczny;das;Raumschiff;
statystyka;die;Statistik;Statistiken
stereotyp;das;Vorurteil;
stolica;die;Haupstadt;Haupstädte
stołówka;die;Kantine;Kantinen
stołówka studencka;die;Mensa;Mensas
stopa;der;Fuß;Füße
stopień;der;Grad;brak
stopień;die;Stufe;Stufen
stosunki/kontakt;der;Umgang;brak
stół;der;Tisch;Tische
strach;die;Angst;Ängste
strach;der;Schreck;
strajk;der;Ausstand;
strażak;die;Feuerwehrmann;
strefa ruchu pieszego;die;Fußgängerzone;Fußgängerzonen
stres;der;Stress;Stresse
strona domowa;die;Homepage;brak
strona świata;die;Himmelsrichtung;Himmelsrichtungen
strony rodzinne;die;Heimat;Heimaten
studia;das;Studium;brak
studnia;der;Brunnen;Brunnen
styczeń;der;Januar;Januare
styl życia;die;Lebensform;
sukces;der;Erfolg;Erfolge
sukienka;das;Kleid;Kleider
suma;die;Summe;Summen
supermarket;der;Supermarkt;Supermärkte
suszarka do włosów;der;Föhn;Föhne
suterena;das;Untergeschoss;Untergeschosse
sweter;der;Pullover;Pullover
sygnalizacja świetlna;die;Ampel;Ampeln
sylwester;das;Silverster;brak
syn;der;Sohn;Söhne
sypialnia;das;Schlafzimmer;Schlafzimmer
system;das;System;Systeme
sytuacja;die;Lage;Lagen
sytuacja;die;Situation;Situationen
szafa;der;Schrank;Schränke
szansa;die;Chance;Chancen
szczekanie;das;Gebell;
szczepienie;die;Impfung;Impfungen
szczęściarz;der;Glückliche;
szczęście;das;Glück;brak
szczęśliwa moneta;der;Glückspfenning;
szczęśliwa świnka;das;Glücksschwein;
szczęśliwy moment;der;Glücksmoment;
szczoteczka do zębów;die;Zahnbürste;Zahnbürsten
szczotka;die;Bürste;Bürsten
szczotka klozetowa;die;Klobürste;
szef;der;Chef;Chefs
szklana kula;die;Glaskugel;
szklanka;das;Glas;Gläser
szkoła;die;Schule;Schulen
szkoła realna;die;Realschule;Realschulen
szkoła zawodowa;die;Berufsschule;Berufsschulen
sznycel;das;Schnitzel;Schnitzel
szpital;das;Krankenhaus;Krankenhäuser
sztuczka;der;Trick;Tricks
sztućce;das;Besteck;Bestecke
sztuka teatralna;das;Theaterstück;Theaterstücke
szwagier;der;Schwager;Schwäger
szwagierka;die;Schwägerin;Schwägerinnen
szyfr;die;Geheimschrift;
szyja;der;Hals;Hälse
szynka;der;Schinken;Schinken
ściana;die;Wand;Wände
ścierka;das;Tuch;Tücher
ścieżka;die;Spur;Spuren
ślub;die;Trauung;Trauungen
śmieci;der;Müll;brak
śmietana;die;Sahne;brak
śniadanie;das;Frühstück;Frühstücke
śnieg;der;Schnee;brak
śnieżny krajobraz;die;Schneelandschaft;
śpiwór;der;Schlafsack;Schlafsäcke
średnia;der;Durchschnitt;Durchschnitte
środa;der;Mittwoch;Mittwoche
środek;die;Mitte;Mitten
środek ciężkości/istota;der;Schwerpunkt;
środek komunikacji;das;Verkehrsmittel;Verkehrsmittel
środowisko pracy;die;Arbeitswelt;
śródmieście;die;Innenstadt;Innenstädte
śrubokręt;der;Schraubenzieher;
świadectwo;das;Zeugnis;Zeugnisse
świat;die;Welt;Welten
światło;das;Licht;Lichte
światło dzienne;das;Tageslicht;
świdek na ślubie;der;Trauzeuge;
świeca;die;Kerze;Kerzen
święto;die;Feier;Feiern
święto;der;Feiertag;Feiertage
święto;das;Fest;Feste
świnia;das;Schwein;Schweine
tabela;die;Tabelle;Tabellen
tablet;das;Tablet;Tablets
tabletka;die;Tablette;Tabletten
tabletka przeciwbólowa;die;Schmerztablette;Schmerztabletten
tablica;die;Tafel;Tafeln
talerz;die;Platte;Platten
talerz;der;Teller;Teller
taniec;der;Tanz;Tänze
taras dachowy;die;Dachterrasse;
tarta;der;Flammkuchen;Flammkuchen
tata;der;Papa;Papas
taxi;das;Taxi;Taxis
teatr;das;Theater;Theater
technik;der;Techniker;Techniker
tekst;der;Text;Texte
telefon;der;Telefon;Telefone
telefon alarmowy;der;Notruf;Notrufe
telewizor;der;Fernseher;Fernseher
telewizor;die;Glotze;Glotzen
temat;das;Thema;Themen
temperatura;die;Temperatur;Temperaturen
tenis;das;Tennis;brak
tenis stołowy;das;Tischtennis;brak
teoria;die;Theorie;Theorien
termin;der;Termin;Termine
test;der;Test;Tests
tlen;der;Sauerstoff;
tłumacz;der;Übersetzer;Übersetzer
tłumaczka;die;Übersetzerin;Übersetzerinnen
toaleta;die;Toilette;brak
tor;das;Gleis;Gleise
torba;die;Tasche;Taschen
torba papierowa;die;Tüte;Tüten
torebka;die;Handtasche;Handtaschen
tort;die;Torte;Torten
tournee;die;Tournee;Tournees
towar;die;Ware;Waren
towary przemysłowe;die;Industrieware;
tramwaj;die;Straßenbahn;Straßenbahnen
transport;der;Verkehr;brak
tratwa;das;Floß;
trawa;das;Gras;brak
trawnik;der;Rasen;
trener;der;Trainer;Trainer
trener/prowadzący szkolenie;der;Ausbildungsleiter;
trenerka;die;Trainerin;Trainerinnen
trening;das;Training;Trainings
treść;der;Gehalt;Gehalte
treść;der;Inhalt;Inhalte
trudność;die;Schwierigkeit;
trup;die;Leiche;Leichen
trwała ondulacja;die;Dauerwelle;
trzask;der;Klatsch;
trzask;der;Krach;Kräche
t-shirt;das;T-Shirt;T-Shirts
turniej;das;Turnier;Turniere
turysta;der;Tourist;Touristen
turystka;die;Touristin;Touristennen
twarz;das;Gesicht;Gesichter
tworzywo sztuczne;der;Kunststoff;Kunststoffe
tydzień;die;Woche;Wochen
tygrys;der;Tiger;Tiger
tył;die;Rückseite;Rückseiten
typ zamieszkania;die;Wohnform;Wohnformen
tytuł;der;Titel;
ubezpieczenie;die;Versicherung;Versicherungen
ucho;das;Ohr;Ohren
uczennica;die;Schülerin;Schülerinnen
uczeń;der;Schüler;Schüler
uczestnictwo;die;Beteiligung;
uczestnik;der;Beteiligte;
uczucie;das;Gefühl;Gefühle
uczycie szczęścia;das;Glücksgefühl;
udział;der;Anteil;
udział;die;Teilnahme;Teilnahmen
układ;die;Anordnung;Anordnungen
ulga/udogodnienie;die;Erleichterung;
ulica;die;Straße;Straßen
umeblowanie;die;Einrichtung;Einrichtungen
umowa;der;Vertrag;Verträge
umówienie się;die;Abmachung;Abmachungen
umysł;;Verstand;
umywalka;das;Waschbecken;Waschbecken
uniwersytet;die;Universität;Universitäten
upośledzenie;die;Behinderung;
uprzejmość;die;Aufmerksamkeit;
urlop;der;Urlaub;Urlaube
urlop narciarski;der;Skiurlaub;
uroczystość pożegnalna;die;Abschiedsfeier;
urodziny;der;Geburtstag;Geburtstage
urząd;die;Amt;Ämter
urząd;die;Behörde;Behörden
urząd meldunkowy;die;Meldebehörde;Meldebehörden
usługa kurierska;der;Paketdienst;Paketdienste
usługi dostawcze;der;Lieferservice;brak
usta;der;Mund;Münder
uszczelnienie;die;Abdichtung;Abdichtungen
utrzymanie;die;Unterhaltung;brak
uwaga/szacunek;die;Achtung;brak
uzupełnienie;die;Ergänzung;
użycie;der;Einsatz;
wakacje;;brak;Ferien
walizka;der;Koffer;Koffer
walka;der;Kampf;
wanna;die;Badewanne;Badewannen
warsztat;die;Werkstatt;Werkstätten
warunek;die;Bedingung;
warunek wstępny;die;Voraussetzung;Vorauszetzungen
warzywo;das;Gemüse;Gemüse
wc;das;WC;WCs
wdrożenie;die;Umsetzung;
wejście;der;Eingang;Eingänge
wejście/dostęp;der;Zugang;Zugänge
wesele;die;Hochzeit;Hochzeiten
weterynarka;die;Tierärztin;Tierärztinnen
wędrówka;die;Wanderung;Wanderungen
wiadomość;die;Auskunft;Auskünfte
wiadomość/wiedza;die;Kenntnis;Kenntnisse
wiatr;der;Wind;Winde
wichura;der;Sturm;Stürme
widelec;die;Gabel;Gabeln
wideo;das;Video;Videos
widok;der;Ausblick;Ausblicke
widok;die;Aussicht;brak
wieczór;der;Abend;Abende
wiedza;das;Wissen;brak
wiedza podstawowa;die;Vorkenntnis;Vorkenntnisse
wiek;der;Alter;brak
wielkanoc;das;Ostern;brak
wielki;der;Große;
wiersz;das;Gedicht;Gedichte
wiersz tematu;die;Betreffzeile;
wieś;die;Dorf;Dörfer
wieża;der;Turm;Türme
więź;der;Zusammenhalt;
winda;der;Aufzug;Aufzüge
winda;der;Lift;
wino;der;Wein;Weine
wiosna;das;Frühjahr;Frühjahre
wiosna;der;Frühling;Frühlinge
wizyta;der;Besuch;Besuche
wizyta domowa;der;Hausbesuch;
wizytówka;die;Visitenkarte;Visitenkarten
wklęśnięcie;die;Einbuchtung;
właściciel;der;Besitzer;Besitzer
włosy;das;Haar;Haare
wniosek;der;Antrag;Anträge
wnuczek;der;Enkel;Enkel
wnuczęta;;brak;Enkelkinder
wnuczka;die;Enkelin;Enkelinnen
woda;das;Wasser;Wasser
woda z wodociągu;das;Leitungswasser;
wojna światowa;der;Weltkrieg;Weltkriege
worek/portmonetka;der;Beutel;
wóz;der;Wagen;Wagen
wózek dziecięcy;der;Kinderwagen;Kinderwagen
wózek inwalidzki;der;Rollstuhl;Rollstühle
wpis;der;Eintrag;
wprowadzenie;die;Einführung;Einführungen
wrażenie;der;Eindruck;
wróg/przeciwnik;die;Gegner;
wróżka;die;Fee;
wrzesień;der;September;September
wschód;der;Osten;brak
wskazówka;der;Hinweis;Hinweise
wskazówka;der;Hinweis;Hinweise
wskazówka;der;Tipp;Tipps
wsparcie;die;Aushilfe;Aushilfen
wsparcie;die;Unterstützung;Unterstützungen
wspomaganie;die;Förderung;Förderungen
wspólnota;die;Gemeinschaft;Gemainschaften
współczynnik;der;Faktor;
współlokator;der;Mitbewohner;Mitbewohner
wstęp;der;Eintritt;brak
wtorek;der;Dienstag;Dienstage
wtyczka;der;Stecker;Stecker
wujek;der;Onkel;Onkel
wybieg;das;Gehege;
wybór;die;Wahl;Wahlen
wybór;die;Wahl;Wahlen
wybór kierunku studiów;die;Studienwahl;
wybrzeże;die;Küste;Küsten
wychowanie;die;Erziehung;brak
wychowawca;der;Erzieher;Erzieher
wychowawczyni;die;Erziehierin;Erziehierinnen
wycieczka;der;Ausflug;Ausflüge
wycieczka firmowa;der;Betriebsausflug;
wycieczka miejska;der;Städtetrip;
wycieczka rowerowa;die;Radtour;Radtouren
wycieczka tratwą;die;Floßfahrt;
wyciek;der;Abfluss;
wydanie;die;Ausgabe;
wydarzenie;das;Ereignis;Ereignisse
wyjasnienie;die;Erklärung;Erklärungen
wyjazd;die;Ausfahrt;Ausfahrten
wyjazd służbowy;die;Geschäftreise;Geschäftreisen
wyjątek;die;Ausnahme;Ausnahmen
wyjście;der;Ausgang;Ausgänge
wyjście;das;Ausgehen;
wykład;die;Vorlesung;Vorlesungen
wykład;der;Vortrag;Vorträge
wykonalnośc;die;Machbarkeit;
wykonanie/realizacja;die;Ausführung;Ausführungen
wykres;der;Diagramm;Diagramme
wykres słupkowy;das;Säulendiagramm;Säulendiagramme
wykrzyknik;die;Interjektion;
wykształcenie;die;Ausbildung;Ausbildungen
wykształcenie;die;Bildung;
wymagania na stanowisko;die;Berufsvoraussetzung;
wymiana;der;Tausch;
wymiar;das;Maß;Maße
wymówka;die;Ausrede;Ausreden
wynajęty samochód;das;Mietauto;Mietautos
wynajmujący;der;Vermieter;Vermieter
wynalazek;die;Erfindung;
wyobraźnia;die;Fantasie;Fantasien
wypadek;der;Unfall;Unfälle
wyposażenie;die;Aufsstattung;
wypowiedź;die;Aussage;Aussagen
wypukłość;die;Ausbuchtung;
wyrażenie/zwrot;der;Ausdruck;Ausdrücke
wysokość;die;Höhe;Höhen
wyspa;die;Insel;Inseln
wystawa;die;Ausstellung;Ausstellungen
wyszukiwanie;die;Suche;
wywiad;das;Interview;Interviews
wywóz śmieci;die;Müllabfuhr;Müllabfuhren
wyzwanie;die;Herausforderung;Herausforderungen
wzmocnienie;die;Verstärkung;
wzór;das;Vorbild;Vorbilder
zaangażowanie;das;Engagement;
zabawka;das;Spielzeug;Spielzeuge
zachowanie;das;Benehmen;
zachowanie;das;Verhalten;
zachód;der;Westen;brak
zaćmienie słońca;die;Sonnenfinsternis;
zadanie;die;Aufgabe;Aufgaben
zadanie domowe;die;Hausaufgabe;Hausaufgaben
zadowolenie;die;Zufriedenheit;brak
zagadka;das;Rätsel;Rätsel
zagranica;das;Ausland;brak
zainteresowanie;das;Interesse;Interessen
zając;der;Hase;Hasen
zajecie/praca;die;Tätigkeit;
zakaz palenia;das;Rauchverbot;
zakończenie;die;Beendigung;brak
zakres;der;Bereich;Bereiche
zakres działalności;der;Tätigkeitsbereich;
zakres przedsięwzięcia;der;Unternehmensbereich;
zakup;der;Einkauf;Einkäufe
zaleta;der;Vorteil;Vorteile
załącznik;der;Anhang;Anhänge
założenie;die;Gründung;
założyciel;der;Gründer;
założyciel firmy;der;Firmengründer;
zamek;das;Schloss;Schlösser
zamiar;die;Absicht;Absichten
zamknięcie;der;Verschluss;Verschlüsse
zamknięcie/egzamin końcowy;der;Abschluss;Abschlüsse
zamówienie/zlecenie;der;Auftrag;Aufträge
zamrażalnik;das;Gefrierfach;
zapalniczka;das;Feuerzeug;Feuerzeuge
zapał;die;Begeisterung;
zapałka;das;Streichholz;Streichhölzer
zapłata/wynagrodzenie;die;Bezahlung;brak
zapora;der;Damm;Dämme
zapowiedź;die;Ansage;Ansagen
zapowiedź/oznaki;die;Ankündigung;
zaprezentowanie;die;Darstellung;
zaproszenie;die;Einladung;Einladungen
zarobki;der;Verdienst;Verdienste
zarząd;die;Leitung;Leitungen
zatrudniony;der;Beschäftigte;
zaufanie;das;Vertrauen;
zawody;der;Wettkampf;Wettkämpfe
zawód;der;Beruf;Berufe
zawód pielęgniarski;der;Pflegeberuf;
zawód wymagający szkolenia;der;Ausbildungsberuf;
zawór;das;Ventil;Ventile
ząb;der;Zahn;Zähne
zbiornik benzyny;der;Benzintank;
zbocze;der;Hang;
zdanie;der;Satz;Sätze
zdanie bezokolicznikowe;der;Infinitivsatz;
zdanie pogląd;die;Auffassung;
zdjęcie;das;Foto;Fotos
zdolność;die;Fähigkeit;
zdolność do czegoś;das;Geschick;
zdrowie;die;Gesundheit;brak
zebra;das;Zebra;Zebras
zegar;die;Uhr;Uhren
zero;die;Null;Nullen
zespół;die;Mannschaft;Mannschaften
zespół;das;Team;Teams
zeszyt;das;Heft;Hefte
zeszyt z krzyżówkami;das;Rätselheft;
zgłoszenie;die;Anmeldung;Anmeldungen
zgodnośc/równość;die;Gleichheit;
ziemia;die;Erde;Erden
ziemniak;die;Kartoffel;Kartoffeln
zima;der;Winter;Winter
zlew;das;Spülbecken;
zło/diabeł;das;Böse;
złoto;das;Gold;brak
zmartwienie;die;Sorge;Sorgen
zmiana;die;Schicht;Schichten
zmiana;der;Wechsel;Wechsel
zmywarka;die;Spülmaschine;Spülmaschinen
znaczek pocztowy;die;Briefmarke;Briefmarken
znajomości;die;Bieziehung;Beziehungen
znajomy;der;Bekannte;Bekannten
znak;das;Schild;Schilder
znak podkreślenia;der;Unterstrich;brak
zniżka;die;Ermäßigung;Ermäßigungen
zobowiązanie/wydanie;die;Auflage;
zoo;der;Zoo;Zoos
zrozumienie;das;Verständnis;brak
zupa;die;Suppe;Suppen
związek z czymś (zu etwas);der;Bezug;Bezüge
związek zawodowy;die;Gewerksschaft;
związek/relacja;die;Beziehung;
zwierzę;das;Tier;Tiere
zwierzę domowe;das;Haustier;Haustiere
zwolnienie lekarskie;die;Krankschreibung;Krankschreibungen
zwyczaj;die;Sitte;Sitten
żaba;der;Frosch;Frösche
żaglówka;das;Segelboot;Sagelboote
żarówka;die;Glühbirne;Glühbirnen
żądza przygód;die;Abenteuerlust;
żłób;die;Krippe;Krippen
żona;die;Ehefrau;Ehefrauen
życie;das;Leben;Leben
życie prywatne;das;Privatleben;
życie zawodowe;das;Berufsleben;
życzenie;der;Wunsch;Wünsche
